word	basic_zh
ability	能力；才能
accept	接受；同意
access	进入或使用的机会；获取
achieve	实现；取得
active	积极的；活跃的
activity	活动
address	地址；处理（问题）；向……讲话
advantage	优势；有利条件
affect	影响
afford	买得起；承担得起
agree	同意；一致
allow	允许；使可能
almost	几乎；差不多
among	在……之中
amount	数量；总额
appear	出现；似乎
apply	申请；应用；适用
approach	靠近；方法；处理方式
area	地区；领域；面积
argue	争论；论证
arrange	安排；整理
arrive	到达
article	文章；物品
attend	参加；出席；照料
avoid	避免
basic	基础的；基本的
become	变成；成为
begin	开始
believe	相信；认为
benefit	好处；使受益
break	打破；中断；休息
build	建造；建立
business	商业；事务
call	呼叫；打电话；称作
case	情况；案件；盒子
cause	原因；导致
change	改变；更换；零钱
charge	收费；充电；负责；指控
choose	选择
collect	收集；领取
come	来；到达；发生
common	常见的；共同的
compare	比较
complete	完整的；完成
concern	担忧；涉及；重要的事
consider	考虑；认为
contain	包含；容纳
continue	继续
control	控制；管理
create	创造；创建
culture	文化
cut	切；减少；中断
decide	决定
develop	发展；开发；形成
difference	差别；差异
draw	画；拉；吸引；平局
drive	驾驶；驱动；动力
effect	影响；效果
effort	努力
enough	足够的；足够地
enter	进入；参加
environment	环境
example	例子
expect	预期；期待
experience	经验；经历
explain	解释；说明
express	表达；快递的
fact	事实
fail	失败；未能做到
fall	落下；下降；秋天
focus	焦点；集中注意力
follow	跟随；遵循
get	得到；到达；变得；理解
go	去；运行；变得
hold	拿住；容纳；举办；保持
improve	改进；提高
include	包括
increase	增加；增长
influence	影响；影响力
information	信息；资料
involve	涉及；包含；使参与
issue	问题；议题；发行
keep	保留；保持；继续
knowledge	知识；了解
leave	离开；留下；假期
light	光；灯；轻的；点燃
line	线；队伍；台词；线路
make	制作；使得；赚钱；赶上
matter	重要；事情；物质
move	移动；搬家；感动；行动
order	顺序；命令；点餐；订单
pass	经过；通过；传递；消逝
play	玩；比赛；演奏；扮演
point	点；要点；指向；得分
put	放；表达；推迟；穿上
right	正确；右边；权利；立刻
run	跑；运行；经营；流动
set	放置；设定；一套；凝固
take	拿；乘坐；花费；接受
turn	转动；转向；轮次；变成
