lowercase_key	source_rows	source_forms
aids	118	AIDS
april	252	April
august	344	August
bible	504	Bible
buddhism	663	Buddhism
buddhist	663	Buddhist
catholic	784	Catholic
christ	870	Christ
christian	870	Christian
christianity	870	Christianity
christmas	870	Christmas
confucian	1066	Confucian
confucianism	1066	Confucianism
december	1322	December
easter	1626	Easter
february	1917	February
friday	2079	Friday
i	2444	I
january	2658	January
july	2688	July
june	2691	June
march	2955,2956	March,march
marxism	2967	Marxism
marxist	2967	Marxist
may	2984,2985	May,may
medicare	3004	Medicare
monday	3111	Monday
november	3260	November
october	3300	October
olympiad	3319	Olympiad
olympic	3319	Olympic
olympics	3319	Olympics
saturday	4151	Saturday
september	4227	September
sunday	4674	Sunday
thanksgiving	4825	Thanksgiving
thursday	4878	Thursday
tuesday	5014	Tuesday
wednesday	5242	Wednesday
