source_row	token	source_line
1	a/an	a/an
68	administer/administrate	administer/administrate administration administrative
82	advertisement/ad	advertise advertisement/ad advertising
84	advisor/-er	advise advisor/-er advisory advisable
101	afterward(s)	afterward(s)
104	ag(e)ing	age aged ag(e)ing
126	airplane/aeroplane	airplane/aeroplane
160	alphabetic(al)	alphabet alphabetic(al)
169	alumin(i)um	alumin(i)um
181	amid(st)	amid(st)
183	among(st)	among(st)
190	analyze/-yse	analyze/-yse analysis analytic(al) analyst
190	analytic(al)	analyze/-yse analysis analytic(al) analyst
221	anybody/anyone	anybody/anyone
227	apartment/apt.	apartment/apt.
229	apologize/-ise	apology apologize/-ise apologetic
231	appal(l)	appal(l) appalling
271	armo(u)r	armo(u)r
349	authorize/-ise	authorize/-ise authorization/-sation
349	authorization/-sation	authorize/-ise authorization/-sation
350	auto(mobile)	auto(mobile)
351	autobiographic(al)	autobiography autobiographic(al)
373	ax(e)	ax(e)
415	barbecue/BBQ	barbecue/BBQ
471	behavio(u)r	behave behavio(u)r behavio(u)ral
471	behavio(u)ral	behave behavio(u)r behavio(u)ral
504	Biblical/biblical	Bible Biblical/biblical
506	bicycle/bike	bicycle/bike
548	blond(e)	blond(e)
778	catalog(ue)	catalog(ue)
798	Celsius/-cius	Celsius/-cius
804	center/-tre	center/-tre central centralize/-ise
804	centralize/-ise	center/-tre central centralize/-ise
806	centimeter/-tre	centimeter/-tre
816	chairman/chairperson	chairman/chairperson
830	characterize/-ise	character characteristic characterize/-ise
841	check²/cheque	check²/cheque
876	cigaret(te)	cigaret(te)
887	civilize/-ise	civil civilize/-ise civilization/-sation
887	civilization/-sation	civil civilize/-ise civilization/-sation
914	cliché	cliché
972	colonize/-ise	colony colonial colonialism colonize/-ise
973	colo(u)r	colo(u)r colo(u)rful
973	colo(u)rful	colo(u)r colo(u)rful
989	commercialize/-ise	commerce commercial commercialize/-ise
1034	computerize/-ise	compute computer computerize/-ise computation
1072	connection/-xion	connect connection/-xion
1175	council(l)or	council council(l)or
1176	counsel(l)or	counsel counsel(l)or
1186	(d'état)	coup (d'état)
1200	cozy/-sy	cozy/-sy
1228	criticize/-ise	criticize/-ise criticism critic critical
1282	dad(dy)	dad(dy)
1343	defense/-ce	defend defense/-ce defensive defendant
1366	demonstration/demo	demonstrate demonstration/demo demonstrative
1434	dialog(ue)	dialog(ue)
1495	disk/disc	disk/disc
1501	dispatch/despatch	dispatch/despatch
1516	distil(l)	distil(l)
1554	dormitory/dorm	dormitory/dorm
1661	electric(al)	electricity electric(al) electrician
1693	emphasize/-ise	emphasis emphasize/-ise emphatic
1704	encyclop(a)edia	encyclop(a)edia
1707	endeavo(u)r	endeavo(u)r
1726	enrol(l)	enrol(l) enrol(l)ment
1726	enrol(l)ment	enrol(l) enrol(l)ment
1772	esthetic/aesthetic	esthetic/aesthetic esthetics/aesthetics
1772	esthetics/aesthetics	esthetic/aesthetic esthetics/aesthetics
1801	exam(ination)	examine exam(ination) examiner examinee
1887	familiarize/-ise	familiar familiarity familiarize/-ise
1909	favo(u)r	favo(u)r favo(u)rable favo(u)rite
1909	favo(u)rable	favo(u)r favo(u)rable favo(u)rite
1909	favo(u)rite	favo(u)r favo(u)rable favo(u)rite
1930	fertilizer/-iser	fertile fertility fertilizer/-iser
1935	fiber/-bre	fiber/-bre
1948	finalize/-ise	final finally finalize/-ise
1979	flavo(u)r	flavo(u)r
2094	fulfil(l)	fulfil(l) fulfil(l)ment
2094	fulfil(l)ment	fulfil(l) fulfil(l)ment
2129	gasoline/petrol	gasoline/petrol
2139	generalize/-ise	general generally generalize/-ise
2163	glamo(u)r	glamo(u)r glamo(u)rous
2163	glamo(u)rous	glamo(u)r glamo(u)rous
2172	globalize/-ise	globe global globalize/-ise
2202	gram(me)	gram(me)
2217	gray/grey	gray/grey
2253	gym(nasium)	gym(nasium)
2266	hamburger/burger	hamburger/burger
2281	harbo(u)r	harbo(u)r
2344	hero/heroine	hero/heroine heroic heroism
2384	homosexual/homo	homosexual/homo
2388	hono(u)r	hono(u)r hono(u)rable hono(u)rary
2388	hono(u)rable	hono(u)r hono(u)rable hono(u)rary
2388	hono(u)rary	hono(u)r hono(u)rable hono(u)rary
2426	humo(u)r	humo(u)r humo(u)rous
2426	humo(u)rous	humo(u)r humo(u)rous
2477	immunize/-ise	immune immunity immunize/-ise
2528	industrialize/-ise	industry industrial industrialize/-ise industrious
2539	influenza/flu	influenza/flu
2562	inquire/enquire	inquire/enquire inquiry/enquiry inquisitive
2562	inquiry/enquiry	inquire/enquire inquiry/enquiry inquisitive
2571	instal(l)	instal(l) instal(l)ation
2571	instal(l)ation	instal(l) instal(l)ation
2572	instal(l)ment	instal(l)ment
2583	insure/ensure	insure/ensure insurance
2607	Internet/internet	Internet/internet
2638	ironic(al)	irony ironic(al) ironically
2655	jail/gaol	jail/gaol
2668	jeopardize/-ise	jeopardize/-ise jeopardy
2672	jewel(l)ery	jewel jewel(l)ery
2684	judg(e)ment	judge judg(e)ment
2712	kilogram(me)/kilo	kilogram(me)/kilo
2713	kilometer/-tre	kilometer/-tre
2734	labo(u)r	labo(u)r laborious
2735	laboratory/lab	laboratory/lab
2747	landlord/landlady	landlord/landlady
2795	legalize/-ise	legal legalize/-ise
2818	license/-ce	license/-ce
2851	liter/-tre	liter/-tre
2875	logistic(al)	logistics logistic(al)
2941	maneuver/manoeuvre	maneuver/manoeuvre
2966	marvel(l)ous	marvel marvel(l)ous
2978	materialize/-ise	material materialism materialist materialize/-ise
2980	math(ematics)/maths	math(ematics)/maths mathematical
2983	maximize/-ise	maximum maximize/-ise maximal
3000	mechanize/-ise	mechanize/-ise mechanization/-sation
3000	mechanization/-sation	mechanize/-ise mechanization/-sation
3015	memorandum/memo	memorandum/memo
3017	memorize/-ise	memory memorize/-ise
3037	meter/-tre	meter/-tre metric
3061	millimeter/-tre	millimeter/-tre
3070	minimize/-ise	minimum minimal minimize/-ise
3096	mobilize/-ise	mobilize/-ise
3101	modernize/-ise	modern modernize/-ise modernization/-sation
3101	modernization/-sation	modern modernize/-ise modernization/-sation
3105	mo(u)ld	mo(u)ld mo(u)ldy
3105	mo(u)ldy	mo(u)ld mo(u)ldy
3107	mom(my)	mom(my)
3115	monopolize/-ise	monopoly monopolize/-ise
3201	neighbo(u)r	neighbo(u)r neighbo(u)rhood
3201	neighbo(u)rhood	neighbo(u)r neighbo(u)rhood
3208	neutralize/-ise	neutral neutrality neutralize/-ise
3241	normalize/-ise	normal normally normalize/-ise normalization/-sation
3241	normalization/-sation	normal normally normalize/-ise normalization/-sation
3303	odo(u)r	odo(u)r odorous
3306	offense/-ce	offend offense/-ce offensive offender
3313	often/oftentimes	often/oftentimes
3358	organize/-ise	organize/-ise organization/-sation organizational/-sational
3358	organization/-sation	organize/-ise organization/-sation organizational/-sational
3358	organizational/-sational	organize/-ise organization/-sation organizational/-sational
3455	paralyze/-yse	paralyze/-yse paralysis
3499	patronize/-ise	patron patronize/-ise patronage
3524	penalize/-ise	penalty penalize/-ise
3571	photo(graph)	photo(graph) photographic photographer photography
3628	plough/plow	plough/plow
3688	practise/-ice	practise/-ice practicable
3726	pretense/-ce	pretend pretense/-ce
3740	prince/princess	prince/princess
3746	privatize/-ise	private privacy privatize/-ise privatization/-sation
3746	privatization/-sation	private privacy privatize/-ise privatization/-sation
3765	program(me)	program(me)
3807	publicize/-ise	public publicize/-ise publicity publicly
3862	railway/railroad	railway/railroad
3893	realize/-ise	realize/-ise realization/-sation
3893	realization/-sation	realize/-ise realization/-sation
3911	recognize/-ise	recognize/-ise recognition
3934	refrigerator/fridge	refrigerator/fridge refrigeration
4028	résumé	résumé
4067	rigo(u)r	rigo(u)r rigorous
4112	rumo(u)r	rumo(u)r
4187	scrutinize/-ise	scrutiny scrutinize/-ise
4344	skeptical/sceptical	skeptical/sceptical skeptic/sceptic skepticism/scepticism
4344	skeptic/sceptic	skeptical/sceptical skeptic/sceptic skepticism/scepticism
4344	skepticism/scepticism	skeptical/sceptical skeptic/sceptic skepticism/scepticism
4347	skil(l)ful	skill skil(l)ful skilled
4400	sober/-re	sober/-re
4403	socialize/-ise	society social socialize/-ise sociable
4455	spaceship/spacecraft	spaceship/spacecraft
4464	specialize/-ise	special specialize/-ise specialization/-sation specialist
4464	specialization/-sation	special specialize/-ise specialization/-sation specialist
4465	specialty/speciality	specialty/speciality
4489	splendo(u)r	splendid splendo(u)r
4492	spokesman/spokeswoman	spokesman/spokeswoman spokesperson
4498	sportsman/sportswoman	sportsman/sportswoman
4513	stabilize/-ise	stable stability stabilize/-ise
4532	standardize/-ise	standard standardize/-ise standardization/-sation
4532	standardization/-sation	standard standardize/-ise standardization/-sation
4565	steward(ess)	steward(ess)
4589	stor(e)y²	stor(e)y²
4643	subsidize/-ise	subsidy subsidize/-ise
4667	sulfur/sulphur	sulfur/sulphur
4669	summarize/-ise	summary summarize/-ise
4729	symbolic(al)	symbol symbolic(al)
4730	symmetric(al)	symmetry symmetric(al)
4731	sympathize/-ise	sympathy sympathetic sympathize/-ise
4738	synthesize/-ise	synthesis synthetic synthesize/-ise
4778	technology/tech	technology/tech technological
4783	telephone/phone	telephone/phone
4785	television/TV	television/TV
4828	theater/-tre	theater/-tre theatrical
4837	therapeutic(al)	therapy therapist therapeutic(al)
4933	toward(s)	toward(s)
5018	tumo(u)r	tumo(u)r
5038	tyre/tire	tyre/tire
5093	urbanize/-ise	urban urbanize/-ise urbanization/-sation
5093	urbanization/-sation	urban urbanize/-ise urbanization/-sation
5103	utilize/-ise	utilize/-ise utilization/-sation
5103	utilization/-sation	utilize/-ise utilization/-sation
5119	vapo(u)r	vapo(u)r
5174	visualize/-ise	visual visualize/-ise
5197	wag(g)on	wag(g)on
5199	waiter/waitress	wait waiter/waitress
5271	while/whilst	while/whilst
5322	wool(l)en	wool wool(l)en
