source_row	token	candidate	review_status
1	a/an	a	pending
1	a/an	an	pending
68	administer/administrate	administer	pending
68	administer/administrate	administrate	pending
82	advertisement/ad	ad	pending
82	advertisement/ad	advertisement	pending
84	advisor/-er	adviser	pending
84	advisor/-er	advisor	pending
101	afterward(s)	afterward	pending
101	afterward(s)	afterwards	pending
104	ag(e)ing	ageing	pending
104	ag(e)ing	aging	pending
126	airplane/aeroplane	aeroplane	pending
126	airplane/aeroplane	airplane	pending
160	alphabetic(al)	alphabetic	pending
160	alphabetic(al)	alphabetical	pending
169	alumin(i)um	aluminium	pending
169	alumin(i)um	aluminum	pending
181	amid(st)	amid	pending
181	amid(st)	amidst	pending
183	among(st)	among	pending
183	among(st)	amongst	pending
190	analyze/-yse	analyse	pending
190	analyze/-yse	analyze	pending
190	analytic(al)	analytic	pending
190	analytic(al)	analytical	pending
221	anybody/anyone	anybody	pending
221	anybody/anyone	anyone	pending
227	apartment/apt.	apartment	pending
227	apartment/apt.	apt	pending
229	apologize/-ise	apologise	pending
229	apologize/-ise	apologize	pending
231	appal(l)	appal	pending
231	appal(l)	appall	pending
271	armo(u)r	armor	pending
271	armo(u)r	armour	pending
349	authorize/-ise	authorise	pending
349	authorize/-ise	authorize	pending
349	authorization/-sation	authorisation	pending
349	authorization/-sation	authorization	pending
350	auto(mobile)	auto	pending
350	auto(mobile)	automobile	pending
351	autobiographic(al)	autobiographic	pending
351	autobiographic(al)	autobiographical	pending
373	ax(e)	ax	pending
373	ax(e)	axe	pending
415	barbecue/BBQ	barbecue	pending
415	barbecue/BBQ	bbq	pending
471	behavio(u)r	behavior	pending
471	behavio(u)r	behaviour	pending
471	behavio(u)ral	behavioral	pending
471	behavio(u)ral	behavioural	pending
504	Biblical/biblical	biblical	pending
506	bicycle/bike	bicycle	pending
506	bicycle/bike	bike	pending
548	blond(e)	blond	pending
548	blond(e)	blonde	pending
778	catalog(ue)	catalog	pending
778	catalog(ue)	catalogue	pending
798	Celsius/-cius		manual
804	center/-tre	center	pending
804	center/-tre	centre	pending
804	centralize/-ise	centralise	pending
804	centralize/-ise	centralize	pending
806	centimeter/-tre	centimeter	pending
806	centimeter/-tre	centimetre	pending
816	chairman/chairperson	chairman	pending
816	chairman/chairperson	chairperson	pending
830	characterize/-ise	characterise	pending
830	characterize/-ise	characterize	pending
841	check²/cheque	check	pending
841	check²/cheque	cheque	pending
876	cigaret(te)	cigaret	pending
876	cigaret(te)	cigarette	pending
887	civilize/-ise	civilise	pending
887	civilize/-ise	civilize	pending
887	civilization/-sation	civilisation	pending
887	civilization/-sation	civilization	pending
914	cliché		manual
972	colonize/-ise	colonise	pending
972	colonize/-ise	colonize	pending
973	colo(u)r	color	pending
973	colo(u)r	colour	pending
973	colo(u)rful	colorful	pending
973	colo(u)rful	colourful	pending
989	commercialize/-ise	commercialise	pending
989	commercialize/-ise	commercialize	pending
1034	computerize/-ise	computerise	pending
1034	computerize/-ise	computerize	pending
1072	connection/-xion	connection	pending
1072	connection/-xion	connecxion	pending
1175	council(l)or	councillor	pending
1175	council(l)or	councilor	pending
1176	counsel(l)or	counsellor	pending
1176	counsel(l)or	counselor	pending
1186	(d'état)		manual
1200	cozy/-sy	cosy	pending
1200	cozy/-sy	cozy	pending
1228	criticize/-ise	criticise	pending
1228	criticize/-ise	criticize	pending
1282	dad(dy)	dad	pending
1282	dad(dy)	daddy	pending
1343	defense/-ce	defence	pending
1343	defense/-ce	defense	pending
1366	demonstration/demo	demo	pending
1366	demonstration/demo	demonstration	pending
1434	dialog(ue)	dialog	pending
1434	dialog(ue)	dialogue	pending
1495	disk/disc	disc	pending
1495	disk/disc	disk	pending
1501	dispatch/despatch	despatch	pending
1501	dispatch/despatch	dispatch	pending
1516	distil(l)	distil	pending
1516	distil(l)	distill	pending
1554	dormitory/dorm	dorm	pending
1554	dormitory/dorm	dormitory	pending
1661	electric(al)	electric	pending
1661	electric(al)	electrical	pending
1693	emphasize/-ise	emphasise	pending
1693	emphasize/-ise	emphasize	pending
1704	encyclop(a)edia	encyclopaedia	pending
1704	encyclop(a)edia	encyclopedia	pending
1707	endeavo(u)r	endeavor	pending
1707	endeavo(u)r	endeavour	pending
1726	enrol(l)	enrol	pending
1726	enrol(l)	enroll	pending
1726	enrol(l)ment	enrollment	pending
1726	enrol(l)ment	enrolment	pending
1772	esthetic/aesthetic	aesthetic	pending
1772	esthetic/aesthetic	esthetic	pending
1772	esthetics/aesthetics	aesthetics	pending
1772	esthetics/aesthetics	esthetics	pending
1801	exam(ination)	exam	pending
1801	exam(ination)	examination	pending
1887	familiarize/-ise	familiarise	pending
1887	familiarize/-ise	familiarize	pending
1909	favo(u)r	favor	pending
1909	favo(u)r	favour	pending
1909	favo(u)rable	favorable	pending
1909	favo(u)rable	favourable	pending
1909	favo(u)rite	favorite	pending
1909	favo(u)rite	favourite	pending
1930	fertilizer/-iser	fertiliser	pending
1930	fertilizer/-iser	fertilizer	pending
1935	fiber/-bre	fiber	pending
1935	fiber/-bre	fibre	pending
1948	finalize/-ise	finalise	pending
1948	finalize/-ise	finalize	pending
1979	flavo(u)r	flavor	pending
1979	flavo(u)r	flavour	pending
2094	fulfil(l)	fulfil	pending
2094	fulfil(l)	fulfill	pending
2094	fulfil(l)ment	fulfillment	pending
2094	fulfil(l)ment	fulfilment	pending
2129	gasoline/petrol	gasoline	pending
2129	gasoline/petrol	petrol	pending
2139	generalize/-ise	generalise	pending
2139	generalize/-ise	generalize	pending
2163	glamo(u)r	glamor	pending
2163	glamo(u)r	glamour	pending
2163	glamo(u)rous	glamorous	pending
2163	glamo(u)rous	glamourous	pending
2172	globalize/-ise	globalise	pending
2172	globalize/-ise	globalize	pending
2202	gram(me)	gram	pending
2202	gram(me)	gramme	pending
2217	gray/grey	gray	pending
2217	gray/grey	grey	pending
2253	gym(nasium)	gym	pending
2253	gym(nasium)	gymnasium	pending
2266	hamburger/burger	burger	pending
2266	hamburger/burger	hamburger	pending
2281	harbo(u)r	harbor	pending
2281	harbo(u)r	harbour	pending
2344	hero/heroine	hero	pending
2344	hero/heroine	heroine	pending
2384	homosexual/homo	homo	pending
2384	homosexual/homo	homosexual	pending
2388	hono(u)r	honor	pending
2388	hono(u)r	honour	pending
2388	hono(u)rable	honorable	pending
2388	hono(u)rable	honourable	pending
2388	hono(u)rary	honorary	pending
2388	hono(u)rary	honourary	pending
2426	humo(u)r	humor	pending
2426	humo(u)r	humour	pending
2426	humo(u)rous	humorous	pending
2426	humo(u)rous	humourous	pending
2477	immunize/-ise	immunise	pending
2477	immunize/-ise	immunize	pending
2528	industrialize/-ise	industrialise	pending
2528	industrialize/-ise	industrialize	pending
2539	influenza/flu	flu	pending
2539	influenza/flu	influenza	pending
2562	inquire/enquire	enquire	pending
2562	inquire/enquire	inquire	pending
2562	inquiry/enquiry	enquiry	pending
2562	inquiry/enquiry	inquiry	pending
2571	instal(l)	instal	pending
2571	instal(l)	install	pending
2571	instal(l)ation	instalation	pending
2571	instal(l)ation	installation	pending
2572	instal(l)ment	installment	pending
2572	instal(l)ment	instalment	pending
2583	insure/ensure	ensure	pending
2583	insure/ensure	insure	pending
2607	Internet/internet	internet	pending
2638	ironic(al)	ironic	pending
2638	ironic(al)	ironical	pending
2655	jail/gaol	gaol	pending
2655	jail/gaol	jail	pending
2668	jeopardize/-ise	jeopardise	pending
2668	jeopardize/-ise	jeopardize	pending
2672	jewel(l)ery	jewelery	pending
2672	jewel(l)ery	jewellery	pending
2684	judg(e)ment	judgement	pending
2684	judg(e)ment	judgment	pending
2712	kilogram(me)/kilo	kilo	pending
2712	kilogram(me)/kilo	kilogram	pending
2712	kilogram(me)/kilo	kilogramme	pending
2713	kilometer/-tre	kilometer	pending
2713	kilometer/-tre	kilometre	pending
2734	labo(u)r	labor	pending
2734	labo(u)r	labour	pending
2735	laboratory/lab	lab	pending
2735	laboratory/lab	laboratory	pending
2747	landlord/landlady	landlady	pending
2747	landlord/landlady	landlord	pending
2795	legalize/-ise	legalise	pending
2795	legalize/-ise	legalize	pending
2818	license/-ce	licence	pending
2818	license/-ce	license	pending
2851	liter/-tre	liter	pending
2851	liter/-tre	litre	pending
2875	logistic(al)	logistic	pending
2875	logistic(al)	logistical	pending
2941	maneuver/manoeuvre	maneuver	pending
2941	maneuver/manoeuvre	manoeuvre	pending
2966	marvel(l)ous	marvellous	pending
2966	marvel(l)ous	marvelous	pending
2978	materialize/-ise	materialise	pending
2978	materialize/-ise	materialize	pending
2980	math(ematics)/maths	math	pending
2980	math(ematics)/maths	mathematics	pending
2980	math(ematics)/maths	maths	pending
2983	maximize/-ise	maximise	pending
2983	maximize/-ise	maximize	pending
3000	mechanize/-ise	mechanise	pending
3000	mechanize/-ise	mechanize	pending
3000	mechanization/-sation	mechanisation	pending
3000	mechanization/-sation	mechanization	pending
3015	memorandum/memo	memo	pending
3015	memorandum/memo	memorandum	pending
3017	memorize/-ise	memorise	pending
3017	memorize/-ise	memorize	pending
3037	meter/-tre	meter	pending
3037	meter/-tre	metre	pending
3061	millimeter/-tre	millimeter	pending
3061	millimeter/-tre	millimetre	pending
3070	minimize/-ise	minimise	pending
3070	minimize/-ise	minimize	pending
3096	mobilize/-ise	mobilise	pending
3096	mobilize/-ise	mobilize	pending
3101	modernize/-ise	modernise	pending
3101	modernize/-ise	modernize	pending
3101	modernization/-sation	modernisation	pending
3101	modernization/-sation	modernization	pending
3105	mo(u)ld	mold	pending
3105	mo(u)ld	mould	pending
3105	mo(u)ldy	moldy	pending
3105	mo(u)ldy	mouldy	pending
3107	mom(my)	mom	pending
3107	mom(my)	mommy	pending
3115	monopolize/-ise	monopolise	pending
3115	monopolize/-ise	monopolize	pending
3201	neighbo(u)r	neighbor	pending
3201	neighbo(u)r	neighbour	pending
3201	neighbo(u)rhood	neighborhood	pending
3201	neighbo(u)rhood	neighbourhood	pending
3208	neutralize/-ise	neutralise	pending
3208	neutralize/-ise	neutralize	pending
3241	normalize/-ise	normalise	pending
3241	normalize/-ise	normalize	pending
3241	normalization/-sation	normalisation	pending
3241	normalization/-sation	normalization	pending
3303	odo(u)r	odor	pending
3303	odo(u)r	odour	pending
3306	offense/-ce	offence	pending
3306	offense/-ce	offense	pending
3313	often/oftentimes	often	pending
3313	often/oftentimes	oftentimes	pending
3358	organize/-ise	organise	pending
3358	organize/-ise	organize	pending
3358	organization/-sation	organisation	pending
3358	organization/-sation	organization	pending
3358	organizational/-sational	organisational	pending
3358	organizational/-sational	organizational	pending
3455	paralyze/-yse	paralyse	pending
3455	paralyze/-yse	paralyze	pending
3499	patronize/-ise	patronise	pending
3499	patronize/-ise	patronize	pending
3524	penalize/-ise	penalise	pending
3524	penalize/-ise	penalize	pending
3571	photo(graph)	photo	pending
3571	photo(graph)	photograph	pending
3628	plough/plow	plough	pending
3628	plough/plow	plow	pending
3688	practise/-ice	practice	pending
3688	practise/-ice	practise	pending
3726	pretense/-ce	pretence	pending
3726	pretense/-ce	pretense	pending
3740	prince/princess	prince	pending
3740	prince/princess	princess	pending
3746	privatize/-ise	privatise	pending
3746	privatize/-ise	privatize	pending
3746	privatization/-sation	privatisation	pending
3746	privatization/-sation	privatization	pending
3765	program(me)	program	pending
3765	program(me)	programme	pending
3807	publicize/-ise	publicise	pending
3807	publicize/-ise	publicize	pending
3862	railway/railroad	railroad	pending
3862	railway/railroad	railway	pending
3893	realize/-ise	realise	pending
3893	realize/-ise	realize	pending
3893	realization/-sation	realisation	pending
3893	realization/-sation	realization	pending
3911	recognize/-ise	recognise	pending
3911	recognize/-ise	recognize	pending
3934	refrigerator/fridge	fridge	pending
3934	refrigerator/fridge	refrigerator	pending
4028	résumé		manual
4067	rigo(u)r	rigor	pending
4067	rigo(u)r	rigour	pending
4112	rumo(u)r	rumor	pending
4112	rumo(u)r	rumour	pending
4187	scrutinize/-ise	scrutinise	pending
4187	scrutinize/-ise	scrutinize	pending
4344	skeptical/sceptical	sceptical	pending
4344	skeptical/sceptical	skeptical	pending
4344	skeptic/sceptic	sceptic	pending
4344	skeptic/sceptic	skeptic	pending
4344	skepticism/scepticism	scepticism	pending
4344	skepticism/scepticism	skepticism	pending
4347	skil(l)ful	skilful	pending
4347	skil(l)ful	skillful	pending
4400	sober/-re		manual
4403	socialize/-ise	socialise	pending
4403	socialize/-ise	socialize	pending
4455	spaceship/spacecraft	spacecraft	pending
4455	spaceship/spacecraft	spaceship	pending
4464	specialize/-ise	specialise	pending
4464	specialize/-ise	specialize	pending
4464	specialization/-sation	specialisation	pending
4464	specialization/-sation	specialization	pending
4465	specialty/speciality	speciality	pending
4465	specialty/speciality	specialty	pending
4489	splendo(u)r	splendor	pending
4489	splendo(u)r	splendour	pending
4492	spokesman/spokeswoman	spokesman	pending
4492	spokesman/spokeswoman	spokeswoman	pending
4498	sportsman/sportswoman	sportsman	pending
4498	sportsman/sportswoman	sportswoman	pending
4513	stabilize/-ise	stabilise	pending
4513	stabilize/-ise	stabilize	pending
4532	standardize/-ise	standardise	pending
4532	standardize/-ise	standardize	pending
4532	standardization/-sation	standardisation	pending
4532	standardization/-sation	standardization	pending
4565	steward(ess)	steward	pending
4565	steward(ess)	stewardess	pending
4589	stor(e)y²	storey	pending
4589	stor(e)y²	story	pending
4643	subsidize/-ise	subsidise	pending
4643	subsidize/-ise	subsidize	pending
4667	sulfur/sulphur	sulfur	pending
4667	sulfur/sulphur	sulphur	pending
4669	summarize/-ise	summarise	pending
4669	summarize/-ise	summarize	pending
4729	symbolic(al)	symbolic	pending
4729	symbolic(al)	symbolical	pending
4730	symmetric(al)	symmetric	pending
4730	symmetric(al)	symmetrical	pending
4731	sympathize/-ise	sympathise	pending
4731	sympathize/-ise	sympathize	pending
4738	synthesize/-ise	synthesise	pending
4738	synthesize/-ise	synthesize	pending
4778	technology/tech	tech	pending
4778	technology/tech	technology	pending
4783	telephone/phone	phone	pending
4783	telephone/phone	telephone	pending
4785	television/TV	television	pending
4785	television/TV	tv	pending
4828	theater/-tre	theater	pending
4828	theater/-tre	theatre	pending
4837	therapeutic(al)	therapeutic	pending
4837	therapeutic(al)	therapeutical	pending
4933	toward(s)	toward	pending
4933	toward(s)	towards	pending
5018	tumo(u)r	tumor	pending
5018	tumo(u)r	tumour	pending
5038	tyre/tire	tire	pending
5038	tyre/tire	tyre	pending
5093	urbanize/-ise	urbanise	pending
5093	urbanize/-ise	urbanize	pending
5093	urbanization/-sation	urbanisation	pending
5093	urbanization/-sation	urbanization	pending
5103	utilize/-ise	utilise	pending
5103	utilize/-ise	utilize	pending
5103	utilization/-sation	utilisation	pending
5103	utilization/-sation	utilization	pending
5119	vapo(u)r	vapor	pending
5119	vapo(u)r	vapour	pending
5174	visualize/-ise	visualise	pending
5174	visualize/-ise	visualize	pending
5197	wag(g)on	waggon	pending
5197	wag(g)on	wagon	pending
5199	waiter/waitress	waiter	pending
5199	waiter/waitress	waitress	pending
5271	while/whilst	while	pending
5271	while/whilst	whilst	pending
5322	wool(l)en	woolen	pending
5322	wool(l)en	woollen	pending
